Site,lsmean,SE,df,lower.CL,upper.CL
LTER 1,0.790826455,0.01848727,108,0.754181478,0.827471432
LTER 2,0.787421599,0.01848727,108,0.750776622,0.824066576
LTER 3,0.746096825,0.01848727,108,0.709451848,0.782741802
LTER 4,0.725540741,0.01848727,108,0.688895764,0.762185718
LTER 5,0.73068629,0.019555532,108,0.691923832,0.769448748
LTER 6,0.708691795,0.019555532,108,0.669929337,0.747454252
